{"time": [0.0, 0.1, 0.2, 0.30000000000000004, 0.4, 0.5, 0.6000000000000001, 0.7000000000000001, 0.8, 0.9, 1.0], "acceleration": 9.81, "velocity": [0.0, 0.9810000000000001, 1.9620000000000002, 2.9430000000000005, 3.9240000000000004, 4.905, 5.886000000000001, 6.867000000000001, 7.848000000000001, 8.829, 9.81], "position": [0.0, 0.04905000000000001, 0.19620000000000004, 0.4414500000000001, 0.7848000000000002, 1.22625, 1.7658000000000005, 2.4034500000000008, 3.1392000000000007, 3.9730500000000006, 4.905]}